1956|1956
Action & Adventure|Action & Adventure
Adult|Adult
Alabama|Alabama
anorexia|Anorexia
Anthologies|Anthologies
Arizona|Arizona
Art|Art
Artificial Life|Artificial Life
Asian Interest|Asian Interest
Authorship|Authorship
Bali|Bali
BDSM|BDSM
Békéscsaba|Békéscsaba
Belgium|Belgium
Biography & Autobiography|Biography & Autobiography
Biography|Biography
blog|Blog
Boarding School & Prep School|Boarding School & Prep School
Body, Mind & Spirit|Body, Mind & Spirit
Botswana|Botswana
Brennan|Brennan
Brexit|Brexit
Budapest|Budapest
bullying|Bullying
Business & Economics|Business & Economics
chick lit|Chick Lit
Children's 9-12|Children's 9-12
Classics|Classics
cli-fi|Cli-Fi
Coming of Age|Coming of Age
Connecticut|Connecticut
Contemporary|Contemporary
Corporate & Business History|Corporate & Business History
Costa Rica|Costa Rica
Courtship|Courtship
Crafts & Hobbies|Crafts & Hobbies
Criticism|Criticism
Cultural Heritage|Cultural Heritage
Current Events|Current Events
cyberpunk|Cyberpunk
dark fantasy|Dark Fantasy
Debrecen|Debrecen
Delaware|Delaware
Detective and Mystery Stories|Detective and Mystery Stories
Domestic Fiction|Domestic Fiction
Dystopian|Dystopian
elf|Elf
Emotions & Feelings|Emotions & Feelings
England|England
Erotica|Erotica
Espionage|Espionage
European|European
Fairy Tales|Fairy Tales
Family Life|Family Life
Family & Relationships|Family & Relationships
fantasy|Fantasy
Fantasy & Magic|Fantasy & Magic
Fathers and Daughters|Fathers and Daughters
Female Friendship|Female Friendship
Fiction|Fiction
Film|Film
Fine selection|Fine Selection
Florida|Florida
Folk Tales|Folk Tales
Friendship|Friendship
Galapagos Islands|Galapagos Islands
Gay|Gay
General Fiction|General Fiction
General|General
General & Literary Fiction|General & Literary Fiction
Georgia|Georgia
ghosts|Ghosts
grimdark|Grimdark
Guyana|Guyana
Haiti|Haiti
Halloween|Halloween
high fantasy|High Fantasy
Historical Fiction|Historical Fiction
Historical|Historical
History|History
Hollywood|Hollywood
Horror & Ghost Stories|Horror & Ghost Stories
Horror|Horror
Horror stories|Horror Stories
Hotelkeepers|Hotelkeepers
Human evolution|Human Evolution
Human nature|Human Nature
humor|Humor
Humorous fiction|Humorous Fiction
Humorous|Humorous
Humour|Humour
Ibby|IBBY
India|India
Indiana|Indiana
Industries|Industries
Islam/General|Islam/General
Islam|Islam
Islands|Islands
jazz|Jazz
Juvenile Fiction|Juvenile Fiction
Juvenile Nonfiction|Juvenile Nonfiction
KGB|KGB
Kilgore (Fictitious character)|Kilgore (Fictitious Character)
Korea|Korea
Las Vegas|Las Vegas
latin|Latin
Legends & Mythology|Legends & Mythology
Leukemia|Leukemia
Lgbt|LGBT
Lifestyle|Lifestyle
Literary Collections|Literary Collections
Literary Criticism|Literary Criticism
Literary|Literary
Literature|Literature
London|London
Los Angeles|Los Angeles
Love Stories|Love Stories
low fantasy|Low Fantasy
Magical Realism|Magical Realism
Maine|Maine
Man-Woman Relationships|Man-Woman Relationships
marketing|Marketing
Marriage & Divorce|Marriage & Divorce
Massachusetts|Massachusetts
Mauritius|Mauritius
Media Tie-In|Media Tie-In
Medical Examiners (Law)|Medical Examiners (Law)
Mental Illness|Mental Illness
Mezőség|Mezőség
Minnesota|Minnesota
Mississippi|Mississippi
Missouri|Missouri
Modern fiction|Modern Fiction
Molecular Biologists|Molecular Biologists
Montana|Montana
Motherless Families|Motherless Families
Movies & TV Series|Movies & TV Series
Mystery & Crime|Mystery & Crime
Mystery & Detective|Mystery & Detective
Mystery|Mystery
Neutron bomb|Neutron Bomb
Nevada|Nevada
New Adult|New Adult
New Hampshire|New Hampshire
New York|New York
Non-Fiction|Non-Fiction
Novels|Novels
Ohio|Ohio
opera|Opera
orbán|Orbán
Organ Donors|Organ Donors
Oslo|Oslo
Paraguay|Paraguay
Paranormal|Paranormal
Persecution & Conflict|Persecution & Conflict
Philosophy|Philosophy
Poetry|Poetry
Psychological Fiction|Psychological Fiction
Psychological|Psychological
Psychology|Psychology
Public|Public
Reference|Reference
Rejection (Psychology)|Rejection (Psychology)
Religion|Religion
Religious Intolerance; Persecution & Conflict|Religious Intolerance; Persecution & Conflict
Religious Intolerance|Religious Intolerance
Retail|Retail
Rhode Island|Rhode Island
robot|Robot
rock|Rock
Romance|Romance
Romantic Comedy|Romantic Comedy
San Francisco|San Francisco
Satire|Satire
Satirical fiction|Satirical Fiction
School & Education|School & Education
Science Fiction & Fantasy|Science Fiction & Fantasy
Science|Science
Science & Technical|Science & Technical
Seattle|Seattle
Self Help|Self Help
Self-help|Self-help
Sexuality|Sexuality
Ship Captains|Ship Captains
Short Stories|Short Stories
Sierra Leone|Sierra Leone
Sisters|Sisters
Social Themes|Social Themes
Sociology|Sociology
Space Opera|Space Opera
Spanish & Portuguese|Spanish & Portuguese
Spiritualism|Spiritualism
sport|Sport
Sports|Sports
steampunk|Steampunk
stroke|Stroke
Supernatural|Supernatural
Survival & Emergency Preparedness|Survival & Emergency Preparedness
Survival Stories|Survival Stories
Suspense|Suspense
Sydney|Sydney
Szeged|Szeged
székely|Székely
Tales & Fables|Tales & Fables
Teenage Girls|Teenage Girls
Temperance (Fictitious Character)|Temperance (Fictitious Character)
Thrillers|Thrillers
thriller|Thriller
Tibet|Tibet
Time travel Fiction|Time Travel Fiction
Travel|Travel
Trianon|Trianon
Trout|Trout
True Crime|True Crime
ufo|UFO
Undefined|Undefined
urban fantasy|Urban Fantasy
Urban|Urban
USA|USA
Viharsarok|Viharsarok
viking|Viking
Wales|Wales
War & Military|War & Military
War|War
web|Web
weird fiction|Weird Fiction
western|Western
Wizards & Witches|Wizards & Witches
Women Detectives|Women Detectives
Workplace|Workplace
Writing|Writing
Young Adult Fiction|Young Adult Fiction
Young Adult Nonfiction|Young Adult Nonfiction
young adult (YA)|Young Adult (YA)
Young Adult|Young Adult
Young Women|Young Women
