1001 könyv listán szerepel|Listed in 1001 Books
10-es évek|1910s
111 híres regény|111 Famous Novels
13. század|13th century
14. század|14th century
15. század|15th century
16. század|16th century
17. század|17th century
1800-as évek|1800s
1810-es évek|1810s
1850-es évek|1850s
1890-es évek|1890s
18. század|18th century
1900-as évek|1900s
1910-es évek|1910s
1920-as évek|1920s
1930-as évek|1930s
1940-as évek|1940s
1940-es évek|1940s
1950-as évek|1950s
1950-es évek|1950s
1956|1956
1960-as évek|1960s
1970-as évek|1970s
1970-es évek|1970s
1980-as évek|1980s
1990-as évek|1990s
1990-es évek|1990s
19. század|19th century
1. század|1st century
1. világháború|World War I
2000-es évek|2000s
2010-es évek|2010s
20. század|20th century
21. század|21st century
2. világháború|World War II
303 magyar regény|303 Hungarian novels
30-as évek|1930s
40-es évek|1940s
66 Híres Magyar Regény|66 Famous Hungarian Novels
abszurd|Absurd
Action & Adventure|Action & Adventure
adaptáció|Adaptation
Adult|Adult
aforizma|Aphorism
Afrika|Africa
afroamerikai|African American
agyvérzés|Stroke
akció|Action
Akció és Kaland|Action & Adventure
Alabama|Alabama
alakváltó|Shapeshifter
Alaszka|Alaska
Algéria|Algeria
álhírek|Fake News
Alkalmazott Lélektan|Applied Psychology
alkímia|Alchemy
alkoholizmus|Alcoholism
államalapítás|State Foundation
állat|Animal
állatbarát|Animal Lover
állat főszereplő|Animal Protagonist
állatgondozás|Animal Care
állatgyógyászat|Veterinary
állatkert|Zoo
állatmese|Animal Tale
állatregény|Animal Novel
állattan|Zoology
állattartás|Animal Husbandry
állattörténet|Animal Story
Állattörténetek|Animal Stories
állatvédelem|Animal Protection
állatvilág|Animal World
allegorikus|Allegorical
álom|Dream
Alpok|Alps
általános|General
általános lélektan|General Psychology
alternatív történelem|Alternative History
Amerika|America
amerikai|American
amerikai Dél (irányzat)|American South (Movement)
amerikai polgárháború|American Civil War
amerikai szerző|American Author
Amerikai Történelem|American History
amnézia|Amnesia
anekdota|Anecdote
Anglia|England
angol|English
angol humor|English Humor
angolszász|Anglo-Saxon
angol szerző Brexit brit szerző Egyesült Királyság hírszerzés ír szerző kémregény magyar nyelvű politika regény thriller titkosszolgálat|English Author / British Author / UK Intelligence / Irish Author / Spy Novel / Hungarian Politics Novel / Thriller / Secret Service
angol szerző|English Author
angyal|Angel
anorexia|Anorexia
Anthologies|Anthologies
antihős|Antihero
antiszemitizmus|Antisemitism
antológia|Anthology
antropológia|Anthropology
anyaság|Motherhood
apáca|Nun
apaság|Fatherhood
Apocalyptic & Post-Apocalyptic|Apocalyptic & Post‑Apocalyptic
apokalipszis|Apocalypse
arab világ|Arab World
Argentína|Argentina
argentin szerző|Argentinian Author
arisztokrácia|Aristocracy
Arizona|Arizona
Art|Art
Arthur C. Clarke-díj|Arthur C. Clarke Award
Arthur C. Clarke‑díj|Arthur C. Clarke Award
Artificial Life|Artificial Life
árva|Orphan
Asian Interest|Asian Interest
Astrid Lindgren-emlékdíj|Astrid Lindgren Memorial Award
Astrid Lindgren‑emlékdíj|Astrid Lindgren Memorial Award
asztrofizika|Astrophysics
asztrológia|Astrology
átdolgozás|Adaptation
ateizmus|Atheism
Atlanti-óceán|Atlantic Ocean
Atlanti‑óceán|Atlantic Ocean
atlasz|Atlas
atomháború|Nuclear War
August Derleth-díj|August Derleth Award
August Derleth‑díj|August Derleth Award
ausztrál|Australian
Ausztrália|Australia
ausztrál szerző|Australian Author
Ausztria|Austria
Authorship|Authorship
autizmus|Autism
autó|Car
avantgárd|Avant-Garde
A Világirodalom Remekei|Masterpieces of World Literature
Az író származása szerint|Author Nationality
Ázsia|Asia
babona|Superstition
bagoly|Owl
Balaton|Lake Balaton
Bali|Bali
barátság|Friendship
BDSM|BDSM
beat-nemzedék|Beat Generation
Bécs|Vienna
Békéscsaba|Békéscsaba
Belgium|Belgium
bérgyilkos|Hitman
beszélgetés|Conversation
betegség|Illness
betyár|Outlaw
bevándorlás|Immigration
Biblia|Bible
bibliai történetek|Biblical Stories
Biography & Autobiography|Biography & Autobiography
Biography|Biography
biológia|Biology
bíróság|Court
biszexuális|Bisexual
biztonságpolitika|Security Policy
blog|Blog
Boarding School & Prep School|Boarding School & Prep School
Body, Mind & Spirit|Body, Mind & Spirit
Body; Mind & Spirit|Body, Mind & Spirit
Bolívia|Bolivia
Booker-díj|Booker Prize
Booker‑díj|Booker Prize
bor|Wine
boszorkány|Witch
Botswana|Botswana
bölcsesség|Wisdom
börtön|Prison
Bram Stoker-díj|Bram Stoker Award
Bram Stoker‑díj|Bram Stoker Award
brazil szerző|Brazil Author
Brennan|Brennan
Bretagne|Brittany
Brexit|Brexit
brit|British
British Fantasy-díj|British Fantasy Award
British Fantasy‑díj|British Fantasy Award
brit szerző|British Author
Budapest|Budapest
buddhizmus|Buddhism
bulvár|Tabloid
bullying|Bullying
bûnügyi|Criminal
Business & Economics|Business & Economics
bűnözés|Crime
büntetőjog|Criminal Law
bűnügyi|Crime
bűnüldözés|Crime Investigation
Carnegie-medál|Carnegie Medal
Carnegie‑medál|Carnegie Medal
celeb|Celebrity
chick lit|Chick Lit
Children's 9-12|Children's 9-12
Children's 9‑12|Children's (9‑12)
Childrens|Children
cigány|Gypsy
cigányság|Gypsy Culture
cirkusz|Circus
civil-katonai kapcsolatok|Civil-Military Relations
Classics|Classics
cli-fi|Cli-Fi
Coming of Age|Coming of Age
Computers & Information Technology|Computers & IT
Connecticut|Connecticut
Contemporary|Contemporary
Corporate & Business History|Corporate & Business History
Costa Könyvdíj|Costa Book Award
Costa Rica|Costa Rica
Courtship|Courtship
Crafts & Hobbies|Crafts & Hobbies
Criticism|Criticism
cukrászat|Confectionery
Cultural Heritage|Cultural Heritage
Current Events|Current Events
cyberpunk|Cyberpunk
Család általában|Family (general)
család|Family
családon belüli erőszak|Domestic Violence
családregény|Family Novel
családterápia|Family Therapy
családtörténet|Family History
császár|Emperor
Cseh|Czech
Cseh Köztársaság|Czech Republic
Csehország|Czech Republic
cseh szerző|Czech Author
Csendes-óceán|Pacific Ocean
Csendes‑óceán|Pacific Ocean
cserkész|Scout
csillagászat|Astronomy
Csongrád megye|Csongrád County
dán szerző|Danish Author
dark fantasy|Dark Fantasy
darwinizmus|Darwinism
David Gemmell-díj|David Gemmell Award
David Gemmell‑díj|David Gemmell Award
Debrecen|Debrecen
Dél-Afrika|South Africa
Dél‑Afrika|South Africa
dél-amerikai|South American
Dél-Amerika|South America
Dél‑Amerika|South America
Delaware|Delaware
Dél-Európa|Southern Europe
Dél‑Európa|Southern Europe
delfin|Dolphin
Délkelet-Ázsia|Southeast Asia
Délkelet‑Ázsia|Southeast Asia
Dél-Korea|South Korea
Dél‑Korea|South Korea
démon|Demon
depresszió|Depression
Detective and Mystery Stories|Detective and Mystery Stories
Detektívregény|Detective Novel
detektívtörténet|Detective Story
diákélet|Student Life
Diáklázadás|Student Revolt
diktatúra|Dictatorship
dinoszaurusz|Dinosaur
disztópia|Dystopia
divat|Fashion
dokumentarista|Documentary Style
Dokumentum|Documentary
dokumentumregény|Documentary Novel
dokumentumregények|Documentary Novels
Domestic Fiction|Domestic Fiction
dráma|Drama
dráma (műnem)|Drama (Genre)
drog|Drug
dualizmus kora|Age of Dualism
Duna|Danube
Dystopian|Dystopian
dzsungel|Jungle
édesség|Sweets
egér|Mouse
egészség|Health
Egészségpszichológia|Health Psychology
éghajlat|Climate
egzisztencializmus|Existentialism
Egyesült Királyság|United Kingdom
egyetem|University
egyház|Church
egyháztörténet|Church History
Egyiptom|Egypt
egyperces|One-Minute Story
ékszer|Jewelry
elbeszélés|Narrative
elefánt|Elephant
életbölcsesség|Life Wisdom
életfilozófia|Philosophy of Life
élethossz|Lifespan
élet|Life
életmód|Lifestyle
életrajz|Biography
életrajzi|Biographical
Életrajzi regények|Biographical Novels
Életrajzok|Biographies
életregény|Life Story
élettörténet|Life Story
elf|Elf
ellenreformáció|Counter-Reformation
elmegyógyintézet|Mental Hospital
elméleti fizika|Theoretical Physics
elmélet|Theory
elmélkedés|Meditation
előadás|Lecture
élővilág|Wildlife
emberi jogok|Human Rights
emberi sorsok|Human Fates
emberkereskedelem|Human Trafficking
emberrablás|Kidnapping
emigráció|Emigration
emigráns|Emigrant
emlékek|Memories
emlékezet|Memory
emlősök|Mammals
Emotions & Feelings|Emotions & Feelings
empátia|Empathy
énelbeszélő|First-person Narrator
England|England
England - Social Life and Customs - 19th Century|England—19th Century Social Life & Customs
énregény|I-novel
epikus fantasy|Epic Fantasy
erdélyi magyar szerző|Transylvanian Hungarian Author
Erdély|Transylvania
erdészet|Forestry
erdő|Forest
Erotica|Erotica
erotikus|Erotic
erőszak|Violence
esküvő|Wedding
Espionage|Espionage
Észak-Amerika|North America
északi népek|Northern Peoples
Északi-sark|Arctic
észak-koreai szerző|North Korean Author
Észak-Korea|North Korea
esszé|Essay
etika|Ethics
etológia|Ethology
Európa Diákkönyvtár|Europe Student Library
Európa|Europe
European|European
Év Gyermekkönyve díj|Children's Book of the Year Award
evolúcióbiológia|Evolutionary Biology
evolúció|Evolution
evolúciós pszichológia|Evolutionary Psychology
expedíció|Expedition
experimentális|Experimental
expresszionizmus|Expressionism
ezotéria|Esotericism
Ezoterikus Elméletek|Esoteric Theories
Fairy Tales|Fairy Tales
Family Life|Family Life
Family & Relationships|Family & Relationships
fantasy|Fantasy
Fantasy & Magic|Fantasy & Magic
fantasyparódia|Fantasy Parody
fantasztikus|Fantastic
Fantasztikus regények|Fantasy Novels
Fantázia|Fantasy
fasizmus|Fascism
Fathers and Daughters|Fathers and Daughters
fegyverek|Weapons
fejlődés|Development
fejlődésregény|Bildungsroman
fekete humor|Black Humor
felfedezés|Discovery
felnőtté válás|Coming of Age
felnőtt tartalom|Adult Content
Female Friendship|Female Friendship
feminizmus|Feminism
férfiak|Men
férfi főszereplő|Male Protagonist
festészet|Painting
fiatalkor|Youth
Fiction|Fiction
Fiction - General|General Fiction
Fiction - Science Fiction|Science Fiction
filmadaptáció|Film Adaptation
filmből készült könyv|Book Based on Film
Film|Film
filmkönyv|Film Book
filmtörténet|Film History
filozófia|Philosophy
filozofikus regény|Philosophical Novel
Fine selection|Fine Selection
finn|Finnish
Finnország|Finland
finn szerző|Finnish Author
Firenze|Florence
Fiútörténetek|Boys' Stories
fizikai bántalmazás|Physical Abuse
fizika|Physics
Florida|Florida
fogság|Captivity
fogyasztói társadalom|Consumer Society
fogyatékosság|Disability
folklór|Folklore
Folk Tales|Folk Tales
forradalom|Revolution
földönkívüliek|Aliens
Földrajzi Besorolások|Geographical Classification
francia|French
Franciaország|France
francia szerző|French Author
Franz Kafka‑díj|Franz Kafka Award
Franz Kafka-díj|Franz Kafka Prize
Friendship|Friendship
futurizmus|Futurism
függőség|Addiction
fűszernövény|Herb
füveskönyv|Herbal Book
galamb|Pigeon
Galapagos Islands|Galapagos Islands
gasztronómia|Gastronomy
gasztroregény|Gastro Novel
Gay|Gay
Genderkutatás|Gender Studies
generációk|Generations
General Fiction|General Fiction
General|General
General & Literary Fiction|General & Literary Fiction
genetika|Genetics
géntechnológia|Genetic Engineering
Georgia|Georgia
germán|Germanic
Gésa|Geisha
gestaltpszichológia|Gestalt Psychology
ghosts|Ghosts
gólya|Stork
Goncourt-díj|Goncourt Prize
Goncourt‑díj|Goncourt Prize
gótikus irodalom|Gothic Literature
gördeszka|Skateboarding
görög|Greek
Görög Mitológia|Greek Mythology
Görögország|Greece
grafika|Graphics
grimdark|Grimdark
groteszk|Grotesque
grúz|Georgian
Gulág|Gulag
Guyana|Guyana
gyarmatosítás|Colonization
gyász|Grief
Gyerektörténetek|Children's Stories
gyermekbántalmazás|Child Abuse
Gyermek|Child
Gyermekek|Children
Gyermek és ifjúsági|Children & Youth
Gyermek és Ifjúsági Irodalom|Children & YA Literature
gyermek- és ifjúsági irodalom|Children & Youth Literature
Gyermek és Ifjűsági Irodalom|Children & Young Adult Literature
gyermek főszereplő|Child Protagonist
gyermekkor|Childhood
Gyermekkönyv|Children's Book
gyermekkönyv iskolásoknak|Children's Book (School Age)
gyermekkönyv kicsiknek|Children's Book (Young Children)
gyermeklélektan|Child Psychology
gyermeknevelés|Child Rearing
gyermekrablás|Child Abduction
gyermekszemszög|Child POV
gyilkosság|Murder
gyógyfürdő|Spa
gyógyítás|Healing
gyógyszeripar|Pharmaceutical Industry
gyűjtemény|Collection
háború|War
haditechnika|Military Technology
haditengerészet|Navy
hadsereg|Army
hadtörténet|Military History
hadviselés|Warfare
Hagyomány|Tradition
Haiti|Haiti
hajléktalanság|Homelessness
hajó|Ship
hajótörés|Shipwreck
hajózás|Shipping
halak|Fish
halál|Death
halászat|Fishing
Halloween|Halloween
halottkém|Coroner
hangjáték-adaptáció|Radio Drama Adaptation
Hangjáték|Radio Play
hangoskönyv|Audiobook
Hangoskönyv egyéb|Audiobook (Other)
harcosok|Warriors
hardboiled krimi|Hardboiled Crime
hard sci-fi|Hard Science Fiction
határon túli|Beyond the Border
Házasság|Marriage
háziállat|Pet
hegymászás|Mountaineering
herceg|Prince
hidegháború|Cold War
high fantasy|High Fantasy
hírszerzés|Intelligence
Historical Fiction|Historical Fiction
Historical|Historical
History|History
hit|Faith
holokauszt|Holocaust
Hollywood|Hollywood
Hongkong|Hong Kong
Horgászat|Fishing
Horror & Ghost Stories|Horror & Ghost Stories
Horror|Horror
Horror stories|Horror Stories
Hotelkeepers|Hotelkeepers
hősköltemény|Epic Poem
Hugo-díj|Hugo Award
humánetológia|Human Ethology
Human evolution|Human Evolution
humanizmus|Humanism
Human nature|Human Nature
humoreszk|Humoresque
humor|Humor
humoros|Humorous
Humorous fiction|Humorous Fiction
Humorous|Humorous
Humour|Humour
IBBY-díj|IBBY Award
Ibby|IBBY
idegenforgalom|Tourism
Idegennyelv|Foreign Language
Idegennyelvű könyvek|Foreign Language Books
identitás|Identity
idézetgyűjtemény|Collection of Quotes
időgazdálkodás|Time Management
időutazás|Time Travel
ifjúaági|Youth
ifjúdági|Youth
Ifjúsági irodalom|Youth Literature
Ifjúsági Regény|Youth Novel
ifjúsági|Young Adult
ifjúság|Youth
igaz történet alapján|Based on True Story
igaz történet|True Story
igazságügyi|Forensic
igazságügyi orvosszakértő|Forensic Expert
ikrek|Twins
illusztrált|Illustrated
India|India
Indiai-óceán|Indian Ocean
indiai szerző|Indian Author
Indiana|Indiana
indián kultúrák|Native Cultures
indián|Native American
Indonézia|Indonesia
Industries|Industries
inkvizíció|Inquisition
intelligencia|Intelligence
interjú|Interview
Interjúk|Interviews
Irak|Iraq
írástechnika|Writing Technique
irodalmi Nobel-díj|Literary Nobel Prize
irodalomelmélet|Literary Theory
Irodalom|Literature
irodalomtörténet|Literary History
irodalomtudomány|Literary Studies
Írók|Authors
irónia|Irony
Írország|Ireland
író|Writer
ír szerző|Irish Author
iskolai lövöldözés|School Shooting
Iskolák|Schools
iskola|School
Islam/General|Islam/General
Islam|Islam
Islands|Islands
ismeretközlő irodalom|Educational Literature
ismeretterjesztő|Popular Science
Ismert ember|Famous Person
istenek|Gods
Isten|God
Itália|Italy
Izland|Iceland
izlandi|Icelandic
izlandi szerző|Icelandic Author
Izrael|Israel
Japán (ország)|Japan
japán szerző|Japanese Author
járvány|Epidemic
játék|Game
játékterápia|Play Therapy
jazz|Jazz
jelen időben írt|Written in Present Time
Jeruzsálem-díj|Jerusalem Prize
jog|Law
John W. Campbell emlékdíj|John W. Campbell Memorial Award
jóslás|Divination
jövőben játszódik|Set in the Future
jövőkutatás|Futures Studies
judaizmus|Judaism
Juvenile Fiction|Juvenile Fiction
Juvenile Nonfiction|Juvenile Nonfiction
kaland|Adventure
kalandos|Adventurous
kalandregény|Adventure Novel
Kalandregények|Adventure Novels
Kalifornia|California
kalóz|Pirate
kamasz főszereplő|Teen Protagonist
kamaszkor|Adolescence
Kaméleon könyvek|Chameleon Books
Kamerun|Cameroon
Kanada|Canada
kanadai szerző|Canadian Author
kannibalizmus|Cannibalism
kapunyitási pánik|Gate Anxiety
karácsony|Christmas
karcolat|Scratch Story
Karriertörténetek|Career Stories
katasztrófa|Disaster
katolikus egyház|Catholic Church
katonai megszállás|Military Occupation
katonai sci-fi|Military Sci-Fi
katonaság|Military
kávékultúra|Coffee Culture
Kelet-Ázsia|East Asia
kémregény|Spy Novel
kémtörténet|Spy Story
kerékpár|Bicycle
kereskedelem|Commerce
keresztény|Christian
kereszténység|Christianity
kétnyelvű|Bilingual
KGB|KGB
kiegészítő kötet|Supplementary Volume
Kilgore (Fictitious character)|Kilgore (Fictitious Character)
Kína|China
kínai|Chinese
kínai szerző|Chinese Author
király|King
kirekesztés|Exclusion
kísérlet|Experiment
kísérletezés|Experimentation
Kísértet- és rémtörténetek|Ghost & Horror Stories
kisgyermekkor|Early Childhood
kispróza|Short Prose
kisregény|Novella
kisváros|Small Town
klasszikus|Classic
klímaváltozás|Climate Change
kobold|Goblin
kollégium|College / Dormitory
kollégiumok|Colleges / Dormitories
kolostor|Monastery
Kolozsvár|Cluj-Napoca
Kolumbia|Colombia
kolumbiai szerző|Colombian Author
kóma|Coma
kommunikáció|Communication
kommunizmus|Communism
koncentrációs tábor|Concentration Camp
konfliktuskezelés|Conflict Management
Konyha|Cuisine
korai újkor|Early Modern Period
koreai|Korean
koreai szerző|Korean Author
Korea|Korea
Kor- és társadalomrajz|Era & Social Depiction
Korfu|Corfu
kórház|Hospital
korrajz|Historical Portrait
Korrupció|Corruption
Kortalan Mesék|Timeless Tales
kortárs|Contemporary
kortárs krimi magyar nyelvű magyar szerző regény|Contemporary Crime Novel (Hungarian Language / Hungarian Author)
kozmológia|Cosmology
költői próza|Poetic Prose
költők|Poets
költő|Poet
Könyv|Book
könyvesbolt|Bookstore
könyvkultúra|Book Culture
könyvtár|Library
könyvtáros|Librarian
környezet|Environment
környezetvédelem|Environmental Protection
kötelező|Mandatory
Közel-Kelet|Middle East
Közép-Amerika|Central America
középiskola|High School
középkor|Middle Ages
Kreativitás|Creativity
krimi|Crime
kriminalisztika|Criminalistics
Kuba|Cuba
kult|Cult
kultúra|Culture
kultúrszociológia|Cultural Sociology
kultúrtörténet|Cultural History
kurtizán|Courtesan
KurtVonnegut|Kurt Vonnegut
kutatás|Research
kutya|Dog
külpolitika|Foreign Policy
kvantumfizika|Quantum Physics
labdarúgás|Football / Soccer
Lányregények|Girls' Novels
lányregény|Girls' Novel
Laosz|Laos
Lappföld|Lapland
Las Vegas|Las Vegas
latin-amerikai|Latin American
Latin-Amerika|Latin America
latin|Latin
legenda|Legend
Legends & Mythology|Legends & Mythology
légió|Legion
Legújabb Kor|Modern Era
lélekrajz|Character Study
lélektani fikció|Psychological Fiction
lélektani|Psychological
Lélektani regények|Psychological Novels
lélekvándorlás|Reincarnation
Lengyel Irodalom|Polish Literature
Lengyelország|Poland
lengyel|Polish
lengyel szerző|Polish Author
Leukemia|Leukemia
leukémia|Leukemia
levélregény|Epistolary Novel
Lexikonok|Encyclopedias
Lgbt|LGBT
Lifestyle|Lifestyle
Literary Collections|Literary Collections
Literary Criticism|Literary Criticism
Literary|Literary
Literature - Classics|Classics
Literature|Literature
Litvánia|Lithuania
LMBT|LGBT
LMBTQ|LGBTQ
Locus-díj|Locus Award
logika|Logic
ló|Horse
London|London
Los Angeles|Los Angeles
lovag|Knight
Love Stories|Love Stories
low fantasy|Low Fantasy
macska|Cat
madarak|Birds
maffia|Mafia
magándetektív|Private Detective
mágia|Magic
Magical Realism|Magical Realism
mágikus realizmus|Magical Realism
magyar|Hungarian
magyar kultúra|Hungarian Culture
magyar nyelvű|Hungarian Language
Magyarország|Hungary
magyarság|Hungarians
magyar szerző|Hungarian Author
magyar társadalom|Hungarian Society
Magyar Történelem|Hungarian History
Maine|Maine
majom|Monkey
Malajzia|Malaysia
manó|Elf
Man-Woman Relationships|Man-Woman Relationships
marketing|Marketing
Marokkó|Morocco
Marriage & Divorce|Marriage & Divorce
Massachusetts|Massachusetts
matematika|Mathematics
Mauritius|Mauritius
média|Media
Media Tie-In|Media Tie-In
Medical Examiners (Law)|Medical Examiners (Law)
medve|Bear
Megtörtént bűnügyek|True Crime
meleg|Gay
memetika|Memetics
memoár|Memoir
menekültek|Refugees
mentálhigiéné|Mental Health
Mental Illness|Mental Illness
Merítés-díj|Merítés Award
Mesekönyv|Storybook
Mesék|Stories
meseregény|Fairy Tale Novel
mese|Tale
mesterséges intelligencia|Artificial Intelligence
metró|Subway
mezőgazdaság|Agriculture
Mezőség|Mezőség
Millennium Trilógia|Millennium Trilogy
minimalista próza|Minimalist Prose
Minnesota|Minnesota
Mississippi|Mississippi
Missouri|Missouri
misztikus|Mystical
misztikus regény|Mystical Novel
mitológia|Mythology
mítosz|Myth
Modern & contemporary fiction (post c 1945)|Modern & Contemporary Fiction
Modern fiction|Modern Fiction
modernizmus|Modernism
Molecular Biologists|Molecular Biologists
monológ|Monologue
Montana|Montana
Montréal (Québec)|Montreal (Québec)
Moszad|Mossad
Moszkva|Moscow
Motherless Families|Motherless Families
Mothers and Daughters|Mothers & Daughters
Movies & TV Series|Movies & TV Series
mozgássérült|Physically Disabled
művészet|Art
Mystery & Crime|Mystery & Crime
Mystery & Detective|Mystery & Detective
Mystery|Mystery
nácizmus|Nazism
Nagy-Britannia|Great Britain
Nagy Könyv|Great Book
Napjaink|Contemporary Times
napló|Diary
naplók|Diaries
naplóregény|Diary Novel
Nebula-díj|Nebula Award
Németalföld|Netherlands
német|German
Német Irodalom|German Literature
Németország|Germany
német szerző|German Author
német történelem|German History
nemi élet|Sex Life
nemi erőszak|Sexual Assault
nemi szerep|Gender Role
Nepál|Nepal
népköltészet|Folk Poetry
népmese-adaptáció|Folk Tale Adaptation
néprajz|Ethnography
Neutron bomb|Neutron Bomb
Nevada|Nevada
nevelés|Education / Upbringing
New Adult|New Adult
New Hampshire|New Hampshire
New York (állam)|New York (State)
New York|New York
nindzsa|Ninja
Nobel-díj|Nobel Prize
noir irodalom|Noir Literature
Non-Fiction|Non-Fiction
Norvégia|Norway
Norvég|Norwegian
norvég szerző|Norwegian Author
novellák|Short Stories
novella|Short Story
Novels|Novels
női főszereplő|Female Protagonist
női sors|Female Fate
nők elleni erőszak|Violence Against Women
Nők|Women
növényvédelem|Plant Protection
nyár|Summer
nyomozás|Investigation
nyugatosok|Westernizers
nyugdíj|Retirement
nyúl|Rabbit
Ohio|Ohio
okkultizmus|Occultism
ókor|Antiquity
ókori|Ancient
ókori Róma|Ancient Rome
oktatás|Education
Olasz-Amerikai|Italian-American
olasz|Italian
Olaszország|Italy
olasz szerző|Italian Author
opera|Opera
orbán|Orbán
Organ Donors|Organ Donors
Orosz Föderáció|Russian Federation
oroszlán|Lion
Oroszország|Russia
orosz realizmus|Russian Realism
orosz|Russian
orosz szerző|Russian Author
országismeret|Country Knowledge
orvos|Doctor
orvosi krimi|Medical Crime
Orvosregények|Medical Novels
Oslo|Oslo
Osztrák-Magyar Monarchia|Austro-Hungarian Empire
osztrák szerző|Austrian Author
óvoda|Kindergarten
ökológia|Ecology
önéletrajz|Autobiography
önfejlesztés|Self-improvement
öngyilkosság|Suicide
önismeret|Self-knowledge
önsegítő|Self-help
ördög|Devil
öregedés|Aging
örökbefogadás|Adoption
őskor|Prehistory
őslakos|Indigenous
őslénytan|Paleontology
ősz|Autumn
összeesküvés-elmélet|Conspiracy Theory
összetett regény|Complex Novel
pajzán|Risque
pamflet|Pamphlet
pápa|Pope
papság|Clergy
Paraguay|Paraguay
paranormális|Paranormal
Paranormal|Paranormal
parapszichológia|Parapsychology
paratudományok|Pseudosciences
párhuzamos világ|Parallel World
Párizs|Paris
párkapcsolat|Relationship
paródia|Parody
partizán|Partisan
pedofília|Pedophilia
penzugyek|Finance
Persecution & Conflict|Persecution & Conflict
Philosophy|Philosophy
Poetry|Poetry
pókok|Spiders
poliamória|Polyamory
polifonikus|Polyphonic
politikai filozófia|Political Philosophy
politikai krimi|Political Crime
Politikai Szociológia|Political Sociology
politika|Politics
popkultúra|Pop Culture
pornográfia|Pornography
portál fantasy|Portal Fantasy
portré|Portrait
Portugália|Portugal
posztapokaliptikus|Post-Apocalyptic
posztmodern|Postmodern
posztumusz|Posthumous
Prága|Prague
Prince Edward-sziget|Prince Edward Island
prose_contemporary|Contemporary Prose
prostitúció|Prostitution
protestáns|Protestant
protestantizmus|Protestantism
próza|Prose
Psychological Fiction|Psychological Fiction
Psychological|Psychological
Psychology|Psychology
pszichés betegség|Mental Illness
pszichiátria|Psychiatry
pszichoanalízis|Psychoanalysis
pszichokrimi|Psychological Crime
pszichológia|Psychology
Pszichotechnika|Psychotechnics
pszichoterápia|Psychotherapy
pszicho-thriller|Psycho-Thriller
Public|Public
Pulitzer-díj|Pulitzer Prize
rabszolgaság|Slavery
rákbetegség|Cancer
realizmus|Realism
receptek|Recipes
recept|Recipe
Reference|Reference
reformáció|Reformation
Regények|Novels
regényes életrajz|Biographical Novel
regény|Novel
Rejection (Psychology)|Rejection (Psychology)
rejtély|Mystery
relativitáselmélet|Theory of Relativity
Religion|Religion
Religious Intolerance; Persecution & Conflict|Religious Intolerance; Persecution & Conflict
Religious Intolerance|Religious Intolerance
rémtörténet|Horror Story
rendőr|Police
rendszerváltás|Regime Change
reneszánsz|Renaissance
repülés|Aviation
repülő|Airplane
Retail|Retail
Rhode Island|Rhode Island
Riportok|Reports
riport|Report
robinzonád|Robinsonade
robot|Robot
rock|Rock
róka|Fox
Római Birodalom|Roman Empire
római szerző|Roman Author
Romance|Romance
Románia|Romania
Romantic Comedy|Romantic Comedy
Romantikus regények|Romantic Novels
romantikus|Romantic
Róma|Rome
Sakk|Chess
San Francisco|San Francisco
sárkány|Dragon
Satire|Satire
Satirical fiction|Satirical Fiction
School & Education|School & Education
Science fiction - Authorship|Science Fiction (Author)
Science Fiction & Fantasy|Science Fiction & Fantasy
Science Fiction - General|Science Fiction
Science|Science
Science & Technical|Science & Technical
sci-fi|Science Fiction
Seattle|Seattle
sebészet|Surgery
Self Help|Self Help
Self-help|Self-help
Sexuality|Sexuality
Ship Captains|Ship Captains
Short Stories|Short Stories
Sierra Leone|Sierra Leone
Sisters|Sisters
sivatag|Desert
Skandinávia|Scandinavia
Skandináv krimik|Scandinavian Crime
skandináv krimi|Scandinavian Crime
skandináv|Scandinavian
Skócia|Scotland
skót szerző|Scottish Author
Social Themes|Social Themes
Sociology|Sociology
sorozatgyilkosság|Serial Killer
sorozat része|Part of Series
Space Opera|Space Opera
Spanish & Portuguese|Spanish & Portuguese
Spanyolország|Spain
spanyol|Spanish
Spiritualism|Spiritualism
spiritualitás|Spirituality
sport|Sport
Sports|Sports
steampunk|Steampunk
stroke|Stroke
Supernatural|Supernatural
Survival & Emergency Preparedness|Survival & Emergency Preparedness
Survival Stories|Survival Stories
Suspense|Suspense
sütemények|Pastries
sütés|Baking
svájci szerző|Swiss Author
Svájc|Switzerland
Svédország|Sweden
svéd|Swedish
svéd szerző|Swedish Author
Sydney|Sydney
szabadkőművesség|Freemasonry
szabadságharc|War of Independence
szakácskönyv|Cookbook
Szakszociológiák|Sociology (Professional)
számi (lapp)|Sami
számítógép|Computer
szamuráj|Samurai
Szatira|Satire
szatíra|Satire
századforduló|Turn of the Century
Szeged|Szeged
szegénység|Poverty
Székelyföld|Szeklerland
székely|Székely
szellemek|Ghosts
személyiségfejlődés|Personality Development
Személyiség|Personality
személyiségpszichológia|Personality Psychology
személyiségzavar|Personality Disorder
szentek|Saints
szenvedélybetegségek|Addictions
Szépirodalom|Literature
szerelem|Love
szerepcsere|Role Reversal
szeretet|Love
szerzetesség|Monasticism
szexológia|Sexology
Szex|Sex
szexuális perverzió|Sexual Perversion
szexualitás|Sexuality
szexuálpszichológia|Sexual Psychology
Szicília|Sicily
sziget|Island
színész|Actor
Szingapúr|Singapore
színház|Theater
színjátszás|Acting
színmű|Play
Szlovénia|Slovenia
szocialista krimi|Socialist Crime
szocializáció|Socialization
szocializmus|Socialism
szociálpszichológia|Social Psychology
szociográfia|Sociography
szociológia|Sociology
Szórakoztató irodalom|Entertainment Literature
szorongás|Anxiety
szovjet|Soviet
Szovjetunió|Soviet Union
szökés|Escape
szörny|Monster
Sztálin|Stalin
sztoicizmus|Stoicism
szuperhős|Superhero
szülői szerep|Parental Role
szünidő|School Holiday
szürrealizmus|Surrealism
tabu|Taboo
találmány|Invention
találós kérdés|Riddle
Tales & Fables|Tales & Fables
táltos|Shaman
tanár|Teacher
tanatológia|Thanatology
tánc|Dance
tanulás|Learning
tanulmány|Study
tárgyalástechnika|Negotiation Skills
társadalmi sci-fi|Social Sci-Fi
társadalmi|Social
Társadalomfilozófia|Social Philosophy
társadalomkritika|Social Criticism
társadalompolitika|Social Policy
társadalomrajz|Social Portrait
társadalom|Society
társadalomtörténet|Social History
társadalomtudomány|Social Science
társalgás|Conversation
társas kapcsolatok|Social Relations
Társ. tudományok|Social Sciences
Tartalom szerint|By Content
tavasz|Spring
Távol-Kelet|Far East
technikahistória|History of Technology
technikatörténet|History of Technology
technológia|Technology
Teenage Girls|Teenage Girls
teknős|Turtle
televíziózás|Television Broadcasting
tél|Winter
Témaköre Szerint|By Theme
temető|Cemetery
Temperance (Fictitious Character)|Temperance (Fictitious Character)
tengeralattjáró|Submarine
Tengeri Hajózás|Maritime Navigation
tenger|Sea
tényfeltáró riport|Investigative Report
terápia|Therapy
teremtés|Creation
terhesség|Pregnancy
természetjárás|Hiking
természet|Nature
természettudomány|Natural Science
természetvédelem|Nature Conservation
terrorizmus|Terrorism
testbeszéd|Body Language
testvérek|Siblings
tévésorozat-adaptáció|TV Series Adaptation
Thaiföld|Thailand
thiller|Thriller
Thrillers|Thrillers
thriller|Thriller
tibeti buddhizmus|Tibetan Buddhism
tibeti szerző|Tibetan Author
Tibet|Tibet
Time travel Fiction|Time Travel Fiction
titkos társaságok|Secret Societies
titkosszolgálat|Secret Service
Toszkána|Tuscany
További könyveink|Other Books
töredék|Fragment
török világ|Ottoman World
törpe|Dwarf
törtémelmi regény|Historical Novel
történelem|History
Történelemkönyv|History Book
történelmi dokumentum|Historical Document
történelmi fikció|Historical Fiction
történelmi|Historical
történelmi krimi|Historical Crime
Történelmi regények|Historical Novels
történelmi regény|Historical Novel
történelmi romantikus|Historical Romance
történelmi személy|Historical Figure
történetfüzér|Story Chain
tőzsde|Stock Exchange
transzhumanizmus|Transhumanism
Travel|Travel
Trianon|Trianon
Trilógia|Trilogy
Trója|Troy
Trout|Trout
True Crime|True Crime
tudatregény|Consciousness Novel
Tudomány és Technika|Science & Technology
Tudomány és Természet|Science & Nature
tudományfilozófia|Philosophy of Science
tudományos ismeretterjesztő|Popular Science
tudományos|Scientific
tudomány|Science
tudománytörténet|History of Science
túlélés|Survival
túlvilág|Afterlife
tunéziai szerző|Tunisian Author
turizmus|Tourism
tündér|Fairy
tűzoltóság|Fire Department
tyúk|Hen
ufo|UFO
újkor|Modern Era
Új-Mexikó|New Mexico
újrakezdés|Restart
újságírás|Journalism
újságíró|Journalist
Új-Zéland|New Zealand
Ukrajna|Ukraine
ukrán szerző|Ukrainian Author
Undefined|Undefined
unikornis|Unicorn
uralkodó|Ruler
urban fantasy|Urban Fantasy
Urban|Urban
USA|USA
utazás|Travel
útikönyv|Travel Guide
útleírás|Travel Description
utópia|Utopia
ügynök|Agent
ügyvéd|Lawyer
űrkutatás|Space Research
űropera|Space Opera
űrutazás|Space Travel
vadászat|Hunting
Vadnyugat|Wild West
vakáció|Vacation
válás|Divorce
vállalkozás|Business
vallásfilozófia|Philosophy of Religion
vallásháború|Religious War
valláskritika|Religious Criticism
vallás|Religion
vallástörténet|History of Religion
vallomásregény|Confessional Novel
válogatás|Selection
váltott nézőpont|Multiple Perspectives
váltott szemszög|Alternating POV
vámpír|Vampire
varázslat|Magic
varázsló|Wizard
vasút|Railway
vendéglátás|Hospitality
vérfarkas|Werewolf
versbetét|Poem Insert
verses mese|Verse Tale
vers|Poem
verstan|Verse Theory
videójáték|Video Game
vidra|Otter
vietnámi háború|Vietnam War
vígjáték|Comedy
Viharsarok|Viharsarok
viking|Viking
viktoriánus|Victorian
világegyetem|Universe
Világháború|World War
világirodalom|World Literature
világtörténelem|World History
Vilenica-díj|Vilenica Award
virtuális valóság|Virtual Reality
vírus|Virus
visszaemlékezések|Memoirs
visszaemlékezés|Memoir
vitairat|Treatise
Vörös pöttyös könyvek|Red-Spotted Books
Vörös pöttyös|Red-Spotted
walesi szerző|Welsh Author
Wales|Wales
War & Military|War & Military
War|War
web|Web
weird fiction|Weird Fiction
western|Western
Wizards & Witches|Wizards & Witches
Women Detectives|Women Detectives
Workplace|Workplace
World Fantasy Díj|World Fantasy Award
Writing|Writing
Young Adult Fiction|Young Adult Fiction
Young Adult Nonfiction|Young Adult Nonfiction
young adult (YA)|Young Adult (YA)
Young Adult|Young Adult
Young Women - England|Young Women (England)
Young Women|Young Women
zarándoklat|Pilgrimage
zene|Music
zenész|Musician
zimbabwei szerző|Zimbabwean Author
zombi|Zombie
zoológia|Zoology
zsebkönyv|Pocket Book
zsidó|Jewish
zsidóság|Judaism
